{
    "dyed-lifted-polyps": {
        "precision": 0.8955223880597015,
        "recall": 0.9,
        "f1-score": 0.8977556109725686,
        "support": 200.0
    },
    "dyed-resection-margins": {
        "precision": 0.9128205128205128,
        "recall": 0.89,
        "f1-score": 0.9012658227848102,
        "support": 200.0
    },
    "esophagitis": {
        "precision": 0.8010471204188482,
        "recall": 0.765,
        "f1-score": 0.782608695652174,
        "support": 200.0
    },
    "normal-cecum": {
        "precision": 0.9313725490196079,
        "recall": 0.95,
        "f1-score": 0.9405940594059405,
        "support": 200.0
    },
    "normal-pylorus": {
        "precision": 0.9478672985781991,
        "recall": 1.0,
        "f1-score": 0.9732360097323601,
        "support": 200.0
    },
    "normal-z-line": {
        "precision": 0.7832512315270936,
        "recall": 0.795,
        "f1-score": 0.7890818858560794,
        "support": 200.0
    },
    "polyps": {
        "precision": 0.9583333333333334,
        "recall": 0.92,
        "f1-score": 0.9387755102040817,
        "support": 200.0
    },
    "ulcerative-colitis": {
        "precision": 0.9359605911330049,
        "recall": 0.95,
        "f1-score": 0.9429280397022333,
        "support": 200.0
    },
    "accuracy": 0.89625,
    "macro avg": {
        "precision": 0.8957718781112877,
        "recall": 0.89625,
        "f1-score": 0.8957807042887809,
        "support": 1600.0
    },
    "weighted avg": {
        "precision": 0.8957718781112877,
        "recall": 0.89625,
        "f1-score": 0.8957807042887809,
        "support": 1600.0
    }
}